{
  "baseline_model": "Groq llama-3.3-70b-versatile",
  "baseline_accuracy": 0.5,
  "test_set_size": 30,
  "parseable_responses": 30,
  "unparseable_responses": 0,
  "label_map": {
    "analysis": 0,
    "hot_take": 1,
    "reaction": 2
  },
  "per_class_metrics": {
    "analysis": {
      "precision": 1.0,
      "recall": 0.3,
      "f1-score": 0.46153846153846156,
      "support": 10.0
    },
    "hot_take": {
      "precision": 1,
      "recall": 0.2,
      "f1-score": 0.3376923076923077,
      "support": 10.0
    },
    "reaction": {
      "precision": 0.40,
      "recall": 1,
      "f1-score": 0.5794117647058824,
      "support": 10.0
    },
    "accuracy": 0.50,
    "macro avg": {
      "precision": 0.8005555555555555,
      "recall": 0.5066666666666666,
      "f1-score": 0.46288084464555054,
      "support": 30.0
    },
    "weighted avg": {
      "precision": 0.8005555555555555,
      "recall": 0.5066666666666667,
      "f1-score": 0.63288084464555054,
      "support": 30.0
    }
  }
}